evol,step,not_dead,tot
1,1,0,0
1,2,0,0
1,3,0,0
1,4,0,0
1,5,0,0
1,6,0,0
1,7,0,0
1,8,0,0
1,9,0,0
1,10,0,0
1,11,0,0
1,12,0,0
1,13,0,0
1,14,0,0
1,15,0,0
1,16,0,0
1,17,0,0
1,18,0,0
1,19,0,0
1,20,0,0
1,21,0,0
1,22,0,0
1,23,0,0
1,24,0,0
1,25,0,0
1,26,0,0
1,27,0,0
1,28,0,0
1,29,0,0
1,30,0,0
1,31,0,0
1,32,0,0
1,33,0,0
1,34,0,0
1,35,0,0
1,36,0,0
1,37,0,0
1,38,0,0
1,39,0,0
1,40,0,0
1,41,0,0
1,42,0,0
1,43,0,0
1,44,0,0
1,45,0,0
1,46,0,0
1,47,0,0
1,48,0,0
1,49,0,0
1,50,0,0
1,51,0,0
1,52,0,0
1,53,0,0
1,54,0,0
1,55,0,0
1,56,0,0
1,57,0,0
1,58,0,0
1,59,0,0
1,60,0,0
2,1,0,0
2,2,0,0
2,3,0,0
2,4,0,0
2,5,0,0
2,6,0,0
2,7,0,0
2,8,0,0
2,9,0,0
2,10,0,0
2,11,0,0
2,12,0,0
2,13,0,0
2,14,0,0
2,15,0,0
2,16,0,0
2,17,0,0
2,18,0,0
2,19,0,0
2,20,0,0
2,21,0,0
2,22,0,0
2,23,0,0
2,24,0,0
2,25,0,0
2,26,0,0
2,27,0,0
2,28,0,0
2,29,0,0
2,30,0,0
2,31,0,0
2,32,0,0
2,33,0,0
2,34,0,0
2,35,0,0
2,36,0,0
2,37,0,0
2,38,0,0
2,39,0,0
2,40,0,0
2,41,0,0
2,42,0,0
2,43,0,0
2,44,0,0
2,45,0,0
2,46,0,0
2,47,0,0
2,48,0,0
2,49,0,0
2,50,0,0
2,51,0,0
2,52,0,0
2,53,0,0
2,54,0,0
2,55,0,0
2,56,0,0
2,57,0,0
2,58,0,0
2,59,0,0
2,60,0,0
3,1,1,2
3,2,1,2
3,3,1,2
3,4,2,4
3,5,3,6
3,6,6,12
3,7,9,18
3,8,14,28
3,9,23,46
3,10,35,70
3,11,51,102
3,12,84,168
3,13,119,238
3,14,194,388
3,15,313,626
3,16,502,1004
3,17,806,1612
3,18,1316,2632
3,19,2114,4228
3,20,3378,6756
3,21,5468,10936
3,22,8782,17564
3,23,14011,28022
3,24,22404,44808
3,25,35893,71786
3,26,57590,115180
3,27,91930,183860
3,28,147151,294302
3,29,235483,470966
3,30,376811,753622
3,31,603254,1206508
3,32,964556,1929112
3,33,1543392,3086784
3,34,2469725,4939450
3,35,3952452,7904904
3,36,6324824,12649648
3,37,10117600,20235200
3,38,16185745,32371490
3,39,25898042,51796084
3,40,41435483,82870966
3,41,66298306,132596612
3,42,106068364,212136728
3,43,169717782,339435564
3,44,271549652,543099304
3,45,543099304,1000000000
3,46,543099304,1000000000
3,47,543099304,1000000000
3,48,543099304,1000000000
3,49,543099304,1000000000
3,50,543099304,1000000000
3,51,543099304,1000000000
3,52,543099304,1000000000
3,53,543099304,1000000000
3,54,543099304,1000000000
3,55,543099304,1000000000
3,56,543099304,1000000000
3,57,543099304,1000000000
3,58,543099304,1000000000
3,59,543099304,1000000000
3,60,543099304,1000000000
4,1,1,2
4,2,2,4
4,3,3,6
4,4,6,12
4,5,11,22
4,6,18,36
4,7,25,50
4,8,35,70
4,9,54,108
4,10,84,168
4,11,137,274
4,12,214,428
4,13,348,696
4,14,553,1106
4,15,877,1754
4,16,1417,2834
4,17,2270,4540
4,18,3624,7248
4,19,5813,11626
4,20,9290,18580
4,21,14882,29764
4,22,23788,47576
4,23,38196,76392
4,24,61056,122112
4,25,97499,194998
4,26,155951,311902
4,27,249415,498830
4,28,399372,798744
4,29,638527,1277054
4,30,1021121,2042242
4,31,1633442,3266884
4,32,2613559,5227118
4,33,4180585,8361170
4,34,6688764,13377528
4,35,10700646,21401292
4,36,17122317,34244634
4,37,27394885,54789770
4,38,43830288,87660576
4,39,70129375,140258750
4,40,112212472,224424944
4,41,179539410,359078820
4,42,287262349,574524698
4,43,574524698,1000000000
4,44,574524698,1000000000
4,45,574524698,1000000000
4,46,574524698,1000000000
4,47,574524698,1000000000
4,48,574524698,1000000000
4,49,574524698,1000000000
4,50,574524698,1000000000
4,51,574524698,1000000000
4,52,574524698,1000000000
4,53,574524698,1000000000
4,54,574524698,1000000000
4,55,574524698,1000000000
4,56,574524698,1000000000
4,57,574524698,1000000000
4,58,574524698,1000000000
4,59,574524698,1000000000
4,60,574524698,1000000000
5,1,1,2
5,2,2,4
5,3,3,6
5,4,4,8
5,5,5,10
5,6,8,16
5,7,11,22
5,8,18,36
5,9,31,62
5,10,50,100
5,11,72,144
5,12,115,230
5,13,181,362
5,14,282,564
5,15,453,906
5,16,712,1424
5,17,1142,2284
5,18,1807,3614
5,19,2902,5804
5,20,4669,9338
5,21,7452,14904
5,22,11943,23886
5,23,19068,38136
5,24,30444,60888
5,25,48871,97742
5,26,78109,156218
5,27,125137,250274
5,28,200271,400542
5,29,320298,640596
5,30,512434,1024868
5,31,820142,1640284
5,32,1311943,2623886
5,33,2099355,4198710
5,34,3360351,6720702
5,35,5377457,10754914
5,36,8603537,17207074
5,37,13762666,27525332
5,38,22022724,44045448
5,39,35233292,70466584
5,40,56372354,112744708
5,41,90201405,180402810
5,42,144316774,288633548
5,43,230902640,461805280
5,44,369443869,738887738
5,45,738887738,1000000000
5,46,738887738,1000000000
5,47,738887738,1000000000
5,48,738887738,1000000000
5,49,738887738,1000000000
5,50,738887738,1000000000
5,51,738887738,1000000000
5,52,738887738,1000000000
5,53,738887738,1000000000
5,54,738887738,1000000000
5,55,738887738,1000000000
5,56,738887738,1000000000
5,57,738887738,1000000000
5,58,738887738,1000000000
5,59,738887738,1000000000
5,60,738887738,1000000000
6,1,1,2
6,2,2,4
6,3,3,6
6,4,6,12
6,5,11,22
6,6,13,26
6,7,22,44
6,8,38,76
6,9,61,122
6,10,106,212
6,11,163,326
6,12,258,516
6,13,405,810
6,14,644,1288
6,15,1023,2046
6,16,1646,3292
6,17,2616,5232
6,18,4178,8356
6,19,6749,13498
6,20,10742,21484
6,21,17269,34538
6,22,27672,55344
6,23,44240,88480
6,24,70808,141616
6,25,113354,226708
6,26,181519,363038
6,27,290322,580644
6,28,464071,928142
6,29,742671,1485342
6,30,1187833,2375666
6,31,1900007,3800014
6,32,3040717,6081434
6,33,4864174,9728348
6,34,7782645,15565290
6,35,12448890,24897780
6,36,19918197,39836394
6,37,31869488,63738976
6,38,50987652,101975304
6,39,81580635,163161270
6,40,130526909,261053818
6,41,208841793,417683586
6,42,334157810,668315620
6,43,668315620,1000000000
6,44,668315620,1000000000
6,45,668315620,1000000000
6,46,668315620,1000000000
6,47,668315620,1000000000
6,48,668315620,1000000000
6,49,668315620,1000000000
6,50,668315620,1000000000
6,51,668315620,1000000000
6,52,668315620,1000000000
6,53,668315620,1000000000
6,54,668315620,1000000000
6,55,668315620,1000000000
6,56,668315620,1000000000
6,57,668315620,1000000000
6,58,668315620,1000000000
6,59,668315620,1000000000
6,60,668315620,1000000000
7,1,1,2
7,2,2,4
7,3,3,6
7,4,3,6
7,5,5,10
7,6,9,18
7,7,17,34
7,8,28,56
7,9,43,86
7,10,73,146
7,11,114,228
7,12,181,362
7,13,282,564
7,14,454,908
7,15,719,1438
7,16,1107,2214
7,17,1800,3600
7,18,2876,5752
7,19,4627,9254
7,20,7428,14856
7,21,11877,23754
7,22,18997,37994
7,23,30450,60900
7,24,48898,97796
7,25,78165,156330
7,26,124931,249862
7,27,199659,399318
7,28,319008,638016
7,29,510453,1020906
7,30,816756,1633512
7,31,1307190,2614380
7,32,2092029,4184058
7,33,3347677,6695354
7,34,5355908,10711816
7,35,8568665,17137330
7,36,13712838,27425676
7,37,21942344,43884688
7,38,35106584,70213168
7,39,56170615,112341230
7,40,89868578,179737156
7,41,143793831,287587662
7,42,230072685,460145370
7,43,368107533,736215066
7,44,736215066,1000000000
7,45,736215066,1000000000
7,46,736215066,1000000000
7,47,736215066,1000000000
7,48,736215066,1000000000
7,49,736215066,1000000000
7,50,736215066,1000000000
7,51,736215066,1000000000
7,52,736215066,1000000000
7,53,736215066,1000000000
7,54,736215066,1000000000
7,55,736215066,1000000000
7,56,736215066,1000000000
7,57,736215066,1000000000
7,58,736215066,1000000000
7,59,736215066,1000000000
7,60,736215066,1000000000
8,1,1,2
8,2,2,4
8,3,3,6
8,4,4,8
8,5,5,10
8,6,8,16
8,7,15,30
8,8,22,44
8,9,39,78
8,10,67,134
8,11,106,212
8,12,165,330
8,13,265,530
8,14,414,828
8,15,656,1312
8,16,1050,2100
8,17,1700,3400
8,18,2732,5464
8,19,4370,8740
8,20,6954,13908
8,21,11083,22166
8,22,17725,35450
8,23,28173,56346
8,24,45094,90188
8,25,72030,144060
8,26,115560,231120
8,27,184818,369636
8,28,295707,591414
8,29,473215,946430
8,30,757774,1515548
8,31,1211776,2423552
8,32,1938219,3876438
8,33,3102133,6204266
8,34,4963415,9926830
8,35,7940492,15880984
8,36,12705004,25410008
8,37,20328512,40657024
8,38,32526881,65053762
8,39,52041812,104083624
8,40,83274762,166549524
8,41,133235465,266470930
8,42,213170058,426340116
8,43,341081637,682163274
8,44,682163274,1000000000
8,45,682163274,1000000000
8,46,682163274,1000000000
8,47,682163274,1000000000
8,48,682163274,1000000000
8,49,682163274,1000000000
8,50,682163274,1000000000
8,51,682163274,1000000000
8,52,682163274,1000000000
8,53,682163274,1000000000
8,54,682163274,1000000000
8,55,682163274,1000000000
8,56,682163274,1000000000
8,57,682163274,1000000000
8,58,682163274,1000000000
8,59,682163274,1000000000
8,60,682163274,1000000000
9,1,1,2
9,2,2,4
9,3,3,6
9,4,3,6
9,5,5,10
9,6,9,18
9,7,14,28
9,8,21,42
9,9,33,66
9,10,55,110
9,11,90,180
9,12,145,290
9,13,235,470
9,14,374,748
9,15,615,1230
9,16,997,1994
9,17,1587,3174
9,18,2550,5100
9,19,4095,8190
9,20,6565,13130
9,21,10573,21146
9,22,16942,33884
9,23,26978,53956
9,24,43280,86560
9,25,69118,138236
9,26,110380,220760
9,27,176751,353502
9,28,282475,564950
9,29,452106,904212
9,30,723283,1446566
9,31,1156832,2313664
9,32,1850787,3701574
9,33,2961938,5923876
9,34,4739343,9478686
9,35,7583317,15166634
9,36,12134076,24268152
9,37,19413589,38827178
9,38,31061692,62123384
9,39,49701295,99402590
9,40,79523938,159047876
9,41,127238778,254477556
9,42,203574318,407148636
9,43,325704365,651408730
9,44,651408730,1000000000
9,45,651408730,1000000000
9,46,651408730,1000000000
9,47,651408730,1000000000
9,48,651408730,1000000000
9,49,651408730,1000000000
9,50,651408730,1000000000
9,51,651408730,1000000000
9,52,651408730,1000000000
9,53,651408730,1000000000
9,54,651408730,1000000000
9,55,651408730,1000000000
9,56,651408730,1000000000
9,57,651408730,1000000000
9,58,651408730,1000000000
9,59,651408730,1000000000
9,60,651408730,1000000000
10,1,1,2
10,2,2,4
10,3,3,6
10,4,4,8
10,5,7,14
10,6,12,24
10,7,21,42
10,8,36,72
10,9,60,120
10,10,95,190
10,11,148,296
10,12,234,468
10,13,381,762
10,14,600,1200
10,15,977,1954
10,16,1580,3160
10,17,2490,4980
10,18,4044,8088
10,19,6438,12876
10,20,10258,20516
10,21,16454,32908
10,22,26382,52764
10,23,42121,84242
10,24,67470,134940
10,25,108040,216080
10,26,172900,345800
10,27,277020,554040
10,28,442955,885910
10,29,708765,1417530
10,30,1133957,2267914
10,31,1814326,3628652
10,32,2902558,5805116
10,33,4642036,9284072
10,34,7428115,14856230
10,35,11886887,23773774
10,36,19018518,38037036
10,37,30433491,60866982
10,38,48694557,97389114
10,39,77907818,155815636
10,40,124654284,249308568
10,41,199440397,398880794
10,42,319101460,638202920
10,43,638202920,1000000000
10,44,638202920,1000000000
10,45,638202920,1000000000
10,46,638202920,1000000000
10,47,638202920,1000000000
10,48,638202920,1000000000
10,49,638202920,1000000000
10,50,638202920,1000000000
10,51,638202920,1000000000
10,52,638202920,1000000000
10,53,638202920,1000000000
10,54,638202920,1000000000
10,55,638202920,1000000000
10,56,638202920,1000000000
10,57,638202920,1000000000
10,58,638202920,1000000000
10,59,638202920,1000000000
10,60,638202920,1000000000
11,1,1,2
11,2,2,4
11,3,4,8
11,4,7,14
11,5,11,22
11,6,15,30
11,7,21,42
11,8,34,68
11,9,52,104
11,10,80,160
11,11,123,246
11,12,191,382
11,13,307,614
11,14,505,1010
11,15,801,1602
11,16,1279,2558
11,17,2039,4078
11,18,3240,6480
11,19,5251,10502
11,20,8346,16692
11,21,13321,26642
11,22,21277,42554
11,23,34003,68006
11,24,54293,108586
11,25,86796,173592
11,26,138974,277948
11,27,222309,444618
11,28,355818,711636
11,29,569874,1139748
11,30,911057,1822114
11,31,1458489,2916978
11,32,2333606,4667212
11,33,3733546,7467092
11,34,5972961,11945922
11,35,9557499,19114998
11,36,15293774,30587548
11,37,24474427,48948854
11,38,39156095,78312190
11,39,62654443,125308886
11,40,100248313,200496626
11,41,160391748,320783496
11,42,256638908,513277816
11,43,513277816,1000000000
11,44,513277816,1000000000
11,45,513277816,1000000000
11,46,513277816,1000000000
11,47,513277816,1000000000
11,48,513277816,1000000000
11,49,513277816,1000000000
11,50,513277816,1000000000
11,51,513277816,1000000000
11,52,513277816,1000000000
11,53,513277816,1000000000
11,54,513277816,1000000000
11,55,513277816,1000000000
11,56,513277816,1000000000
11,57,513277816,1000000000
11,58,513277816,1000000000
11,59,513277816,1000000000
11,60,513277816,1000000000
12,1,1,2
12,2,1,2
12,3,2,4
12,4,3,6
12,5,5,10
12,6,8,16
12,7,14,28
12,8,20,40
12,9,35,70
12,10,51,102
12,11,76,152
12,12,122,244
12,13,203,406
12,14,314,628
12,15,503,1006
12,16,821,1642
12,17,1310,2620
12,18,2058,4116
12,19,3319,6638
12,20,5332,10664
12,21,8492,16984
12,22,13687,27374
12,23,21859,43718
12,24,34933,69866
12,25,55914,111828
12,26,89562,179124
12,27,143238,286476
12,28,229333,458666
12,29,366468,732936
12,30,586701,1173402
12,31,938176,1876352
12,32,1501065,3002130
12,33,2402359,4804718
12,34,3843918,7687836
12,35,6150401,12300802
12,36,9838030,19676060
12,37,15741588,31483176
12,38,25188318,50376636
12,39,40300147,80600294
12,40,64483642,128967284
12,41,103174837,206349674
12,42,165075930,330151860
12,43,264134238,528268476
12,44,528268476,1000000000
12,45,528268476,1000000000
12,46,528268476,1000000000
12,47,528268476,1000000000
12,48,528268476,1000000000
12,49,528268476,1000000000
12,50,528268476,1000000000
12,51,528268476,1000000000
12,52,528268476,1000000000
12,53,528268476,1000000000
12,54,528268476,1000000000
12,55,528268476,1000000000
12,56,528268476,1000000000
12,57,528268476,1000000000
12,58,528268476,1000000000
12,59,528268476,1000000000
12,60,528268476,1000000000
13,1,1,2
13,2,1,2
13,3,2,4
13,4,3,6
13,5,3,6
13,6,5,10
13,7,6,12
13,8,9,18
13,9,14,28
13,10,21,42
13,11,30,60
13,12,51,102
13,13,85,170
13,14,140,280
13,15,216,432
13,16,343,686
13,17,544,1088
13,18,847,1694
13,19,1376,2752
13,20,2164,4328
13,21,3482,6964
13,22,5610,11220
13,23,8893,17786
13,24,14253,28506
13,25,22836,45672
13,26,36632,73264
13,27,58482,116964
13,28,93754,187508
13,29,149629,299258
13,30,239622,479244
13,31,383384,766768
13,32,613164,1226328
13,33,980959,1961918
13,34,1569405,3138810
13,35,2510738,5021476
13,36,4015987,8031974
13,37,6426324,12852648
13,38,10280538,20561076
13,39,16447294,32894588
13,40,26316954,52633908
13,41,42105631,84211262
13,42,67364275,134728550
13,43,107780839,215561678
13,44,172443046,344886092
13,45,275895005,551790010
13,46,551790010,1000000000
13,47,551790010,1000000000
13,48,551790010,1000000000
13,49,551790010,1000000000
13,50,551790010,1000000000
13,51,551790010,1000000000
13,52,551790010,1000000000
13,53,551790010,1000000000
13,54,551790010,1000000000
13,55,551790010,1000000000
13,56,551790010,1000000000
13,57,551790010,1000000000
13,58,551790010,1000000000
13,59,551790010,1000000000
13,60,551790010,1000000000
14,1,0,0
14,2,0,0
14,3,0,0
14,4,0,0
14,5,0,0
14,6,0,0
14,7,0,0
14,8,0,0
14,9,0,0
14,10,0,0
14,11,0,0
14,12,0,0
14,13,0,0
14,14,0,0
14,15,0,0
14,16,0,0
14,17,0,0
14,18,0,0
14,19,0,0
14,20,0,0
14,21,0,0
14,22,0,0
14,23,0,0
14,24,0,0
14,25,0,0
14,26,0,0
14,27,0,0
14,28,0,0
14,29,0,0
14,30,0,0
14,31,0,0
14,32,0,0
14,33,0,0
14,34,0,0
14,35,0,0
14,36,0,0
14,37,0,0
14,38,0,0
14,39,0,0
14,40,0,0
14,41,0,0
14,42,0,0
14,43,0,0
14,44,0,0
14,45,0,0
14,46,0,0
14,47,0,0
14,48,0,0
14,49,0,0
14,50,0,0
14,51,0,0
14,52,0,0
14,53,0,0
14,54,0,0
14,55,0,0
14,56,0,0
14,57,0,0
14,58,0,0
14,59,0,0
14,60,0,0
15,1,1,2
15,2,1,2
15,3,2,4
15,4,4,8
15,5,6,12
15,6,11,22
15,7,18,36
15,8,29,58
15,9,46,92
15,10,73,146
15,11,124,248
15,12,198,396
15,13,317,634
15,14,512,1024
15,15,830,1660
15,16,1345,2690
15,17,2156,4312
15,18,3486,6972
15,19,5567,11134
15,20,8940,17880
15,21,14351,28702
15,22,23084,46168
15,23,37071,74142
15,24,59263,118526
15,25,94978,189956
15,26,151693,303386
15,27,242917,485834
15,28,388305,776610
15,29,621218,1242436
15,30,994154,1988308
15,31,1591195,3182390
15,32,2546649,5093298
15,33,4075208,8150416
15,34,6519631,13039262
15,35,10431315,20862630
15,36,16693813,33387626
15,37,26709174,53418348
15,38,42735779,85471558
15,39,68379006,136758012
15,40,109402751,218805502
15,41,175055194,350110388
15,42,280086840,560173680
15,43,560173680,1000000000
15,44,560173680,1000000000
15,45,560173680,1000000000
15,46,560173680,1000000000
15,47,560173680,1000000000
15,48,560173680,1000000000
15,49,560173680,1000000000
15,50,560173680,1000000000
15,51,560173680,1000000000
15,52,560173680,1000000000
15,53,560173680,1000000000
15,54,560173680,1000000000
15,55,560173680,1000000000
15,56,560173680,1000000000
15,57,560173680,1000000000
15,58,560173680,1000000000
15,59,560173680,1000000000
15,60,560173680,1000000000
16,1,1,2
16,2,1,2
16,3,2,4
16,4,3,6
16,5,4,8
16,6,2,4
16,7,4,8
16,8,5,10
16,9,9,18
16,10,16,32
16,11,25,50
16,12,42,84
16,13,64,128
16,14,101,202
16,15,165,330
16,16,257,514
16,17,438,876
16,18,707,1414
16,19,1133,2266
16,20,1800,3600
16,21,2900,5800
16,22,4724,9448
16,23,7559,15118
16,24,12103,24206
16,25,19401,38802
16,26,30997,61994
16,27,49792,99584
16,28,79665,159330
16,29,127761,255522
16,30,204741,409482
16,31,327345,654690
16,32,523656,1047312
16,33,838566,1677132
16,34,1340927,2681854
16,35,2145106,4290212
16,36,3432789,6865578
16,37,5492373,10984746
16,38,8788538,17577076
16,39,14061053,28122106
16,40,22499819,44999638
16,41,35994282,71988564
16,42,57595882,115191764
16,43,92159333,184318666
16,44,147459365,294918730
16,45,235946599,471893198
16,46,377503422,755006844
16,47,755006844,1000000000
16,48,755006844,1000000000
16,49,755006844,1000000000
16,50,755006844,1000000000
16,51,755006844,1000000000
16,52,755006844,1000000000
16,53,755006844,1000000000
16,54,755006844,1000000000
16,55,755006844,1000000000
16,56,755006844,1000000000
16,57,755006844,1000000000
16,58,755006844,1000000000
16,59,755006844,1000000000
16,60,755006844,1000000000
17,1,1,2
17,2,1,2
17,3,2,4
17,4,3,6
17,5,5,10
17,6,9,18
17,7,17,34
17,8,28,56
17,9,45,90
17,10,75,150
17,11,112,224
17,12,178,356
17,13,289,578
17,14,452,904
17,15,711,1422
17,16,1107,2214
17,17,1780,3560
17,18,2841,5682
17,19,4549,9098
17,20,7257,14514
17,21,11612,23224
17,22,18605,37210
17,23,29805,59610
17,24,47593,95186
17,25,76307,152614
17,26,122056,244112
17,27,195467,390934
17,28,312930,625860
17,29,500320,1000640
17,30,800072,1600144
17,31,1279923,2559846
17,32,2047700,4095400
17,33,3276977,6553954
17,34,5243040,10486080
17,35,8387884,16775768
17,36,13420950,26841900
17,37,21473919,42947838
17,38,34357697,68715394
17,39,54967253,109934506
17,40,87950646,175901292
17,41,140724680,281449360
17,42,225159478,450318956
17,43,360270300,720540600
17,44,720540600,1000000000
17,45,720540600,1000000000
17,46,720540600,1000000000
17,47,720540600,1000000000
17,48,720540600,1000000000
17,49,720540600,1000000000
17,50,720540600,1000000000
17,51,720540600,1000000000
17,52,720540600,1000000000
17,53,720540600,1000000000
17,54,720540600,1000000000
17,55,720540600,1000000000
17,56,720540600,1000000000
17,57,720540600,1000000000
17,58,720540600,1000000000
17,59,720540600,1000000000
17,60,720540600,1000000000
18,1,1,2
18,2,1,2
18,3,2,4
18,4,4,8
18,5,4,8
18,6,5,10
18,7,8,16
18,8,15,30
18,9,22,44
18,10,35,70
18,11,53,106
18,12,92,184
18,13,149,298
18,14,229,458
18,15,379,758
18,16,596,1192
18,17,965,1930
18,18,1538,3076
18,19,2483,4966
18,20,3950,7900
18,21,6255,12510
18,22,9954,19908
18,23,15975,31950
18,24,25531,51062
18,25,40709,81418
18,26,65142,130284
18,27,104154,208308
18,28,166797,333594
18,29,266953,533906
18,30,426966,853932
18,31,683544,1367088
18,32,1093589,2187178
18,33,1749595,3499190
18,34,2800369,5600738
18,35,4479849,8959698
18,36,7168953,14337906
18,37,11470837,22941674
18,38,18356301,36712602
18,39,29373213,58746426
18,40,46994223,93988446
18,41,75186234,150372468
18,42,120291938,240583876
18,43,192476854,384953708
18,44,307961756,615923512
18,45,615923512,1000000000
18,46,615923512,1000000000
18,47,615923512,1000000000
18,48,615923512,1000000000
18,49,615923512,1000000000
18,50,615923512,1000000000
18,51,615923512,1000000000
18,52,615923512,1000000000
18,53,615923512,1000000000
18,54,615923512,1000000000
18,55,615923512,1000000000
18,56,615923512,1000000000
18,57,615923512,1000000000
18,58,615923512,1000000000
18,59,615923512,1000000000
18,60,615923512,1000000000
19,1,0,0
19,2,0,0
19,3,0,0
19,4,0,0
19,5,0,0
19,6,0,0
19,7,0,0
19,8,0,0
19,9,0,0
19,10,0,0
19,11,0,0
19,12,0,0
19,13,0,0
19,14,0,0
19,15,0,0
19,16,0,0
19,17,0,0
19,18,0,0
19,19,0,0
19,20,0,0
19,21,0,0
19,22,0,0
19,23,0,0
19,24,0,0
19,25,0,0
19,26,0,0
19,27,0,0
19,28,0,0
19,29,0,0
19,30,0,0
19,31,0,0
19,32,0,0
19,33,0,0
19,34,0,0
19,35,0,0
19,36,0,0
19,37,0,0
19,38,0,0
19,39,0,0
19,40,0,0
19,41,0,0
19,42,0,0
19,43,0,0
19,44,0,0
19,45,0,0
19,46,0,0
19,47,0,0
19,48,0,0
19,49,0,0
19,50,0,0
19,51,0,0
19,52,0,0
19,53,0,0
19,54,0,0
19,55,0,0
19,56,0,0
19,57,0,0
19,58,0,0
19,59,0,0
19,60,0,0
20,1,1,2
20,2,2,4
20,3,3,6
20,4,5,10
20,5,9,18
20,6,15,30
20,7,25,50
20,8,44,88
20,9,70,140
20,10,109,218
20,11,180,360
20,12,288,576
20,13,482,964
20,14,770,1540
20,15,1248,2496
20,16,1961,3922
20,17,3147,6294
20,18,5040,10080
20,19,8091,16182
20,20,12912,25824
20,21,20648,41296
20,22,33093,66186
20,23,52827,105654
20,24,84299,168598
20,25,135001,270002
20,26,216024,432048
20,27,345664,691328
20,28,553237,1106474
20,29,885467,1770934
20,30,1417049,2834098
20,31,2266836,4533672
20,32,3628448,7256896
20,33,5805804,11611608
20,34,9287439,18574878
20,35,14859621,29719242
20,36,23775588,47551176
20,37,38042570,76085140
20,38,60857816,121715632
20,39,97371054,194742108
20,40,155799484,311598968
20,41,249276887,498553774
20,42,398829560,797659120
20,43,797659120,1000000000
20,44,797659120,1000000000
20,45,797659120,1000000000
20,46,797659120,1000000000
20,47,797659120,1000000000
20,48,797659120,1000000000
20,49,797659120,1000000000
20,50,797659120,1000000000
20,51,797659120,1000000000
20,52,797659120,1000000000
20,53,797659120,1000000000
20,54,797659120,1000000000
20,55,797659120,1000000000
20,56,797659120,1000000000
20,57,797659120,1000000000
20,58,797659120,1000000000
20,59,797659120,1000000000
20,60,797659120,1000000000
21,1,1,2
21,2,2,4
21,3,2,4
21,4,4,8
21,5,6,12
21,6,12,24
21,7,19,38
21,8,31,62
21,9,58,116
21,10,92,184
21,11,152,304
21,12,238,476
21,13,381,762
21,14,621,1242
21,15,984,1968
21,16,1561,3122
21,17,2485,4970
21,18,3982,7964
21,19,6396,12792
21,20,10267,20534
21,21,16272,32544
21,22,26118,52236
21,23,41756,83512
21,24,66926,133852
21,25,106883,213766
21,26,171594,343188
21,27,274653,549306
21,28,439839,879678
21,29,703395,1406790
21,30,1125222,2250444
21,31,1800038,3600076
21,32,2880050,5760100
21,33,4607286,9214572
21,34,7369331,14738662
21,35,11791598,23583196
21,36,18867593,37735186
21,37,30186107,60372214
21,38,48301117,96602234
21,39,77276831,154553662
21,40,123643380,247286760
21,41,197834434,395668868
21,42,316537854,633075708
21,43,633075708,1000000000
21,44,633075708,1000000000
21,45,633075708,1000000000
21,46,633075708,1000000000
21,47,633075708,1000000000
21,48,633075708,1000000000
21,49,633075708,1000000000
21,50,633075708,1000000000
21,51,633075708,1000000000
21,52,633075708,1000000000
21,53,633075708,1000000000
21,54,633075708,1000000000
21,55,633075708,1000000000
21,56,633075708,1000000000
21,57,633075708,1000000000
21,58,633075708,1000000000
21,59,633075708,1000000000
21,60,633075708,1000000000
22,1,0,0
22,2,0,0
22,3,0,0
22,4,0,0
22,5,0,0
22,6,0,0
22,7,0,0
22,8,0,0
22,9,0,0
22,10,0,0
22,11,0,0
22,12,0,0
22,13,0,0
22,14,0,0
22,15,0,0
22,16,0,0
22,17,0,0
22,18,0,0
22,19,0,0
22,20,0,0
22,21,0,0
22,22,0,0
22,23,0,0
22,24,0,0
22,25,0,0
22,26,0,0
22,27,0,0
22,28,0,0
22,29,0,0
22,30,0,0
22,31,0,0
22,32,0,0
22,33,0,0
22,34,0,0
22,35,0,0
22,36,0,0
22,37,0,0
22,38,0,0
22,39,0,0
22,40,0,0
22,41,0,0
22,42,0,0
22,43,0,0
22,44,0,0
22,45,0,0
22,46,0,0
22,47,0,0
22,48,0,0
22,49,0,0
22,50,0,0
22,51,0,0
22,52,0,0
22,53,0,0
22,54,0,0
22,55,0,0
22,56,0,0
22,57,0,0
22,58,0,0
22,59,0,0
22,60,0,0
23,1,1,2
23,2,2,4
23,3,2,4
23,4,4,8
23,5,6,12
23,6,9,18
23,7,16,32
23,8,20,40
23,9,28,56
23,10,45,90
23,11,76,152
23,12,123,246
23,13,196,392
23,14,307,614
23,15,488,976
23,16,811,1622
23,17,1285,2570
23,18,2056,4112
23,19,3324,6648
23,20,5369,10738
23,21,8629,17258
23,22,13834,27668
23,23,22128,44256
23,24,35328,70656
23,25,56560,113120
23,26,90437,180874
23,27,144850,289700
23,28,231596,463192
23,29,370119,740238
23,30,592493,1184986
23,31,947957,1895914
23,32,1517782,3035564
23,33,2428535,4857070
23,34,3886024,7772048
23,35,6217484,12434968
23,36,9946379,19892758
23,37,15913138,31826276
23,38,25461090,50922180
23,39,40732519,81465038
23,40,65171400,130342800
23,41,104270941,208541882
23,42,166831723,333663446
23,43,266916815,533833630
23,44,533833630,1000000000
23,45,533833630,1000000000
23,46,533833630,1000000000
23,47,533833630,1000000000
23,48,533833630,1000000000
23,49,533833630,1000000000
23,50,533833630,1000000000
23,51,533833630,1000000000
23,52,533833630,1000000000
23,53,533833630,1000000000
23,54,533833630,1000000000
23,55,533833630,1000000000
23,56,533833630,1000000000
23,57,533833630,1000000000
23,58,533833630,1000000000
23,59,533833630,1000000000
23,60,533833630,1000000000
24,1,0,0
24,2,0,0
24,3,0,0
24,4,0,0
24,5,0,0
24,6,0,0
24,7,0,0
24,8,0,0
24,9,0,0
24,10,0,0
24,11,0,0
24,12,0,0
24,13,0,0
24,14,0,0
24,15,0,0
24,16,0,0
24,17,0,0
24,18,0,0
24,19,0,0
24,20,0,0
24,21,0,0
24,22,0,0
24,23,0,0
24,24,0,0
24,25,0,0
24,26,0,0
24,27,0,0
24,28,0,0
24,29,0,0
24,30,0,0
24,31,0,0
24,32,0,0
24,33,0,0
24,34,0,0
24,35,0,0
24,36,0,0
24,37,0,0
24,38,0,0
24,39,0,0
24,40,0,0
24,41,0,0
24,42,0,0
24,43,0,0
24,44,0,0
24,45,0,0
24,46,0,0
24,47,0,0
24,48,0,0
24,49,0,0
24,50,0,0
24,51,0,0
24,52,0,0
24,53,0,0
24,54,0,0
24,55,0,0
24,56,0,0
24,57,0,0
24,58,0,0
24,59,0,0
24,60,0,0
25,1,1,2
25,2,2,4
25,3,4,8
25,4,4,8
25,5,7,14
25,6,13,26
25,7,21,42
25,8,33,66
25,9,54,108
25,10,91,182
25,11,148,296
25,12,228,456
25,13,354,708
25,14,560,1120
25,15,910,1820
25,16,1461,2922
25,17,2354,4708
25,18,3726,7452
25,19,5987,11974
25,20,9651,19302
25,21,15433,30866
25,22,24758,49516
25,23,39696,79392
25,24,63486,126972
25,25,101753,203506
25,26,162723,325446
25,27,260372,520744
25,28,417086,834172
25,29,666579,1333158
25,30,1066048,2132096
25,31,1706067,3412134
25,32,2729698,5459396
25,33,4366252,8732504
25,34,6986097,13972194
25,35,11180106,22360212
25,36,17886031,35772062
25,37,28615820,57231640
25,38,45789149,91578298
25,39,73260989,146521978
25,40,117226571,234453142
25,41,187572548,375145096
25,42,300127863,600255726
25,43,600255726,1000000000
25,44,600255726,1000000000
25,45,600255726,1000000000
25,46,600255726,1000000000
25,47,600255726,1000000000
25,48,600255726,1000000000
25,49,600255726,1000000000
25,50,600255726,1000000000
25,51,600255726,1000000000
25,52,600255726,1000000000
25,53,600255726,1000000000
25,54,600255726,1000000000
25,55,600255726,1000000000
25,56,600255726,1000000000
25,57,600255726,1000000000
25,58,600255726,1000000000
25,59,600255726,1000000000
25,60,600255726,1000000000
26,1,1,2
26,2,2,4
26,3,3,6
26,4,2,4
26,5,3,6
26,6,3,6
26,7,4,8
26,8,6,12
26,9,10,20
26,10,19,38
26,11,29,58
26,12,48,96
26,13,84,168
26,14,134,268
26,15,218,436
26,16,350,700
26,17,569,1138
26,18,915,1830
26,19,1500,3000
26,20,2399,4798
26,21,3827,7654
26,22,6148,12296
26,23,9927,19854
26,24,15851,31702
26,25,25296,50592
26,26,40615,81230
26,27,64931,129862
26,28,104071,208142
26,29,166432,332864
26,30,265949,531898
26,31,425873,851746
26,32,681331,1362662
26,33,1090902,2181804
26,34,1745344,3490688
26,35,2793205,5586410
26,36,4468645,8937290
26,37,7150639,14301278
26,38,11440811,22881622
26,39,18307122,36614244
26,40,29293282,58586564
26,41,46870070,93740140
26,42,74998524,149997048
26,43,119999305,239998610
26,44,192004993,384009986
26,45,307211504,614423008
26,46,614423008,1000000000
26,47,614423008,1000000000
26,48,614423008,1000000000
26,49,614423008,1000000000
26,50,614423008,1000000000
26,51,614423008,1000000000
26,52,614423008,1000000000
26,53,614423008,1000000000
26,54,614423008,1000000000
26,55,614423008,1000000000
26,56,614423008,1000000000
26,57,614423008,1000000000
26,58,614423008,1000000000
26,59,614423008,1000000000
26,60,614423008,1000000000
27,1,1,2
27,2,2,4
27,3,4,8
27,4,7,14
27,5,11,22
27,6,18,36
27,7,30,60
27,8,51,102
27,9,79,158
27,10,127,254
27,11,194,388
27,12,313,626
27,13,499,998
27,14,774,1548
27,15,1240,2480
27,16,2014,4028
27,17,3217,6434
27,18,5107,10214
27,19,8153,16306
27,20,12992,25984
27,21,20766,41532
27,22,33168,66336
27,23,53101,106202
27,24,84964,169928
27,25,135839,271678
27,26,217091,434182
27,27,347096,694192
27,28,555565,1111130
27,29,889305,1778610
27,30,1422792,2845584
27,31,2275970,4551940
27,32,3639526,7279052
27,33,5824103,11648206
27,34,9318118,18636236
27,35,14908345,29816690
27,36,23849946,47699892
27,37,38164874,76329748
27,38,61064181,122128362
27,39,97698568,195397136
27,40,156312958,312625916
27,41,250087208,500174416
27,42,500174416,1000000000
27,43,500174416,1000000000
27,44,500174416,1000000000
27,45,500174416,1000000000
27,46,500174416,1000000000
27,47,500174416,1000000000
27,48,500174416,1000000000
27,49,500174416,1000000000
27,50,500174416,1000000000
27,51,500174416,1000000000
27,52,500174416,1000000000
27,53,500174416,1000000000
27,54,500174416,1000000000
27,55,500174416,1000000000
27,56,500174416,1000000000
27,57,500174416,1000000000
27,58,500174416,1000000000
27,59,500174416,1000000000
27,60,500174416,1000000000
28,1,0,0
28,2,0,0
28,3,0,0
28,4,0,0
28,5,0,0
28,6,0,0
28,7,0,0
28,8,0,0
28,9,0,0
28,10,0,0
28,11,0,0
28,12,0,0
28,13,0,0
28,14,0,0
28,15,0,0
28,16,0,0
28,17,0,0
28,18,0,0
28,19,0,0
28,20,0,0
28,21,0,0
28,22,0,0
28,23,0,0
28,24,0,0
28,25,0,0
28,26,0,0
28,27,0,0
28,28,0,0
28,29,0,0
28,30,0,0
28,31,0,0
28,32,0,0
28,33,0,0
28,34,0,0
28,35,0,0
28,36,0,0
28,37,0,0
28,38,0,0
28,39,0,0
28,40,0,0
28,41,0,0
28,42,0,0
28,43,0,0
28,44,0,0
28,45,0,0
28,46,0,0
28,47,0,0
28,48,0,0
28,49,0,0
28,50,0,0
28,51,0,0
28,52,0,0
28,53,0,0
28,54,0,0
28,55,0,0
28,56,0,0
28,57,0,0
28,58,0,0
28,59,0,0
28,60,0,0
29,1,0,0
29,2,0,0
29,3,0,0
29,4,0,0
29,5,0,0
29,6,0,0
29,7,0,0
29,8,0,0
29,9,0,0
29,10,0,0
29,11,0,0
29,12,0,0
29,13,0,0
29,14,0,0
29,15,0,0
29,16,0,0
29,17,0,0
29,18,0,0
29,19,0,0
29,20,0,0
29,21,0,0
29,22,0,0
29,23,0,0
29,24,0,0
29,25,0,0
29,26,0,0
29,27,0,0
29,28,0,0
29,29,0,0
29,30,0,0
29,31,0,0
29,32,0,0
29,33,0,0
29,34,0,0
29,35,0,0
29,36,0,0
29,37,0,0
29,38,0,0
29,39,0,0
29,40,0,0
29,41,0,0
29,42,0,0
29,43,0,0
29,44,0,0
29,45,0,0
29,46,0,0
29,47,0,0
29,48,0,0
29,49,0,0
29,50,0,0
29,51,0,0
29,52,0,0
29,53,0,0
29,54,0,0
29,55,0,0
29,56,0,0
29,57,0,0
29,58,0,0
29,59,0,0
29,60,0,0
30,1,1,2
30,2,1,2
30,3,2,4
30,4,4,8
30,5,6,12
30,6,9,18
30,7,14,28
30,8,22,44
30,9,37,74
30,10,53,106
30,11,79,158
30,12,123,246
30,13,206,412
30,14,325,650
30,15,518,1036
30,16,840,1680
30,17,1322,2644
30,18,2104,4208
30,19,3369,6738
30,20,5376,10752
30,21,8583,17166
30,22,13723,27446
30,23,22020,44040
30,24,35371,70742
30,25,56485,112970
30,26,90300,180600
30,27,144663,289326
30,28,231492,462984
30,29,370642,741284
30,30,593129,1186258
30,31,949833,1899666
30,32,1518896,3037792
30,33,2429385,4858770
30,34,3884942,7769884
30,35,6217034,12434068
30,36,9948465,19896930
30,37,15920370,31840740
30,38,25473197,50946394
30,39,40755018,81510036
30,40,65205932,130411864
30,41,104336936,208673872
30,42,166948613,333897226
30,43,267104365,534208730
30,44,534208730,1000000000
30,45,534208730,1000000000
30,46,534208730,1000000000
30,47,534208730,1000000000
30,48,534208730,1000000000
30,49,534208730,1000000000
30,50,534208730,1000000000
30,51,534208730,1000000000
30,52,534208730,1000000000
30,53,534208730,1000000000
30,54,534208730,1000000000
30,55,534208730,1000000000
30,56,534208730,1000000000
30,57,534208730,1000000000
30,58,534208730,1000000000
30,59,534208730,1000000000
30,60,534208730,1000000000
31,1,1,2
31,2,2,4
31,3,3,6
31,4,3,6
31,5,5,10
31,6,9,18
31,7,15,30
31,8,27,54
31,9,47,94
31,10,73,146
31,11,121,242
31,12,190,380
31,13,301,602
31,14,483,966
31,15,775,1550
31,16,1229,2458
31,17,1980,3960
31,18,3182,6364
31,19,5060,10120
31,20,8047,16094
31,21,12906,25812
31,22,20749,41498
31,23,33181,66362
31,24,53043,106086
31,25,84877,169754
31,26,136002,272004
31,27,217164,434328
31,28,347529,695058
31,29,556420,1112840
31,30,889190,1778380
31,31,1422660,2845320
31,32,2276583,4553166
31,33,3642508,7285016
31,34,5828374,11656748
31,35,9324682,18649364
31,36,14919206,29838412
31,37,23874558,47749116
31,38,38201745,76403490
31,39,61122944,122245888
31,40,97793001,195586002
31,41,156469195,312938390
31,42,250348796,500697592
31,43,500697592,1000000000
31,44,500697592,1000000000
31,45,500697592,1000000000
31,46,500697592,1000000000
31,47,500697592,1000000000
31,48,500697592,1000000000
31,49,500697592,1000000000
31,50,500697592,1000000000
31,51,500697592,1000000000
31,52,500697592,1000000000
31,53,500697592,1000000000
31,54,500697592,1000000000
31,55,500697592,1000000000
31,56,500697592,1000000000
31,57,500697592,1000000000
31,58,500697592,1000000000
31,59,500697592,1000000000
31,60,500697592,1000000000
32,1,1,2
32,2,2,4
32,3,4,8
32,4,7,14
32,5,13,26
32,6,24,48
32,7,38,76
32,8,65,130
32,9,105,210
32,10,174,348
32,11,285,570
32,12,456,912
32,13,729,1458
32,14,1190,2380
32,15,1872,3744
32,16,2957,5914
32,17,4721,9442
32,18,7581,15162
32,19,12113,24226
32,20,19393,38786
32,21,31024,62048
32,22,49656,99312
32,23,79456,158912
32,24,127037,254074
32,25,203012,406024
32,26,325564,651128
32,27,520501,1041002
32,28,832682,1665364
32,29,1331421,2662842
32,30,2129750,4259500
32,31,3408413,6816826
32,32,5455080,10910160
32,33,8726908,17453816
32,34,13962250,27924500
32,35,22343848,44687696
32,36,35752253,71504506
32,37,57203101,114406202
32,38,91525812,183051624
32,39,146437449,292874898
32,40,234304989,468609978
32,41,374888812,749777624
32,42,749777624,1000000000
32,43,749777624,1000000000
32,44,749777624,1000000000
32,45,749777624,1000000000
32,46,749777624,1000000000
32,47,749777624,1000000000
32,48,749777624,1000000000
32,49,749777624,1000000000
32,50,749777624,1000000000
32,51,749777624,1000000000
32,52,749777624,1000000000
32,53,749777624,1000000000
32,54,749777624,1000000000
32,55,749777624,1000000000
32,56,749777624,1000000000
32,57,749777624,1000000000
32,58,749777624,1000000000
32,59,749777624,1000000000
32,60,749777624,1000000000
33,1,0,0
33,2,0,0
33,3,0,0
33,4,0,0
33,5,0,0
33,6,0,0
33,7,0,0
33,8,0,0
33,9,0,0
33,10,0,0
33,11,0,0
33,12,0,0
33,13,0,0
33,14,0,0
33,15,0,0
33,16,0,0
33,17,0,0
33,18,0,0
33,19,0,0
33,20,0,0
33,21,0,0
33,22,0,0
33,23,0,0
33,24,0,0
33,25,0,0
33,26,0,0
33,27,0,0
33,28,0,0
33,29,0,0
33,30,0,0
33,31,0,0
33,32,0,0
33,33,0,0
33,34,0,0
33,35,0,0
33,36,0,0
33,37,0,0
33,38,0,0
33,39,0,0
33,40,0,0
33,41,0,0
33,42,0,0
33,43,0,0
33,44,0,0
33,45,0,0
33,46,0,0
33,47,0,0
33,48,0,0
33,49,0,0
33,50,0,0
33,51,0,0
33,52,0,0
33,53,0,0
33,54,0,0
33,55,0,0
33,56,0,0
33,57,0,0
33,58,0,0
33,59,0,0
33,60,0,0
34,1,1,2
34,2,0,0
34,3,0,0
34,4,0,0
34,5,0,0
34,6,0,0
34,7,0,0
34,8,0,0
34,9,0,0
34,10,0,0
34,11,0,0
34,12,0,0
34,13,0,0
34,14,0,0
34,15,0,0
34,16,0,0
34,17,0,0
34,18,0,0
34,19,0,0
34,20,0,0
34,21,0,0
34,22,0,0
34,23,0,0
34,24,0,0
34,25,0,0
34,26,0,0
34,27,0,0
34,28,0,0
34,29,0,0
34,30,0,0
34,31,0,0
34,32,0,0
34,33,0,0
34,34,0,0
34,35,0,0
34,36,0,0
34,37,0,0
34,38,0,0
34,39,0,0
34,40,0,0
34,41,0,0
34,42,0,0
34,43,0,0
34,44,0,0
34,45,0,0
34,46,0,0
34,47,0,0
34,48,0,0
34,49,0,0
34,50,0,0
34,51,0,0
34,52,0,0
34,53,0,0
34,54,0,0
34,55,0,0
34,56,0,0
34,57,0,0
34,58,0,0
34,59,0,0
34,60,0,0
35,1,0,0
35,2,0,0
35,3,0,0
35,4,0,0
35,5,0,0
35,6,0,0
35,7,0,0
35,8,0,0
35,9,0,0
35,10,0,0
35,11,0,0
35,12,0,0
35,13,0,0
35,14,0,0
35,15,0,0
35,16,0,0
35,17,0,0
35,18,0,0
35,19,0,0
35,20,0,0
35,21,0,0
35,22,0,0
35,23,0,0
35,24,0,0
35,25,0,0
35,26,0,0
35,27,0,0
35,28,0,0
35,29,0,0
35,30,0,0
35,31,0,0
35,32,0,0
35,33,0,0
35,34,0,0
35,35,0,0
35,36,0,0
35,37,0,0
35,38,0,0
35,39,0,0
35,40,0,0
35,41,0,0
35,42,0,0
35,43,0,0
35,44,0,0
35,45,0,0
35,46,0,0
35,47,0,0
35,48,0,0
35,49,0,0
35,50,0,0
35,51,0,0
35,52,0,0
35,53,0,0
35,54,0,0
35,55,0,0
35,56,0,0
35,57,0,0
35,58,0,0
35,59,0,0
35,60,0,0
36,1,1,2
36,2,2,4
36,3,4,8
36,4,5,10
36,5,8,16
36,6,13,26
36,7,22,44
36,8,35,70
36,9,51,102
36,10,81,162
36,11,118,236
36,12,182,364
36,13,284,568
36,14,460,920
36,15,730,1460
36,16,1146,2292
36,17,1862,3724
36,18,2965,5930
36,19,4731,9462
36,20,7589,15178
36,21,12200,24400
36,22,19461,38922
36,23,31110,62220
36,24,49594,99188
36,25,79374,158748
36,26,126622,253244
36,27,202070,404140
36,28,323543,647086
36,29,517365,1034730
36,30,827404,1654808
36,31,1323747,2647494
36,32,2118379,4236758
36,33,3388235,6776470
36,34,5421346,10842692
36,35,8675825,17351650
36,36,13879740,27759480
36,37,22206070,44412140
36,38,35531492,71062984
36,39,56852620,113705240
36,40,90960901,181921802
36,41,145541281,291082562
36,42,232871068,465742136
36,43,372603498,745206996
36,44,745206996,1000000000
36,45,745206996,1000000000
36,46,745206996,1000000000
36,47,745206996,1000000000
36,48,745206996,1000000000
36,49,745206996,1000000000
36,50,745206996,1000000000
36,51,745206996,1000000000
36,52,745206996,1000000000
36,53,745206996,1000000000
36,54,745206996,1000000000
36,55,745206996,1000000000
36,56,745206996,1000000000
36,57,745206996,1000000000
36,58,745206996,1000000000
36,59,745206996,1000000000
36,60,745206996,1000000000
37,1,1,2
37,2,2,4
37,3,3,6
37,4,6,12
37,5,10,20
37,6,17,34
37,7,26,52
37,8,42,84
37,9,74,148
37,10,116,232
37,11,185,370
37,12,293,586
37,13,485,970
37,14,787,1574
37,15,1280,2560
37,16,2024,4048
37,17,3237,6474
37,18,5215,10430
37,19,8404,16808
37,20,13450,26900
37,21,21447,42894
37,22,34200,68400
37,23,54760,109520
37,24,87456,174912
37,25,140239,280478
37,26,224702,449404
37,27,359568,719136
37,28,575568,1151136
37,29,920379,1840758
37,30,1472908,2945816
37,31,2355876,4711752
37,32,3768518,7537036
37,33,6028905,12057810
37,34,9645454,19290908
37,35,15432878,30865756
37,36,24693975,49387950
37,37,39513529,79027058
37,38,63223703,126447406
37,39,101164036,202328072
37,40,161860362,323720724
37,41,258975601,517951202
37,42,517951202,1000000000
37,43,517951202,1000000000
37,44,517951202,1000000000
37,45,517951202,1000000000
37,46,517951202,1000000000
37,47,517951202,1000000000
37,48,517951202,1000000000
37,49,517951202,1000000000
37,50,517951202,1000000000
37,51,517951202,1000000000
37,52,517951202,1000000000
37,53,517951202,1000000000
37,54,517951202,1000000000
37,55,517951202,1000000000
37,56,517951202,1000000000
37,57,517951202,1000000000
37,58,517951202,1000000000
37,59,517951202,1000000000
37,60,517951202,1000000000
38,1,1,2
38,2,2,4
38,3,3,6
38,4,4,8
38,5,6,12
38,6,9,18
38,7,11,22
38,8,16,32
38,9,22,44
38,10,37,74
38,11,59,118
38,12,102,204
38,13,171,342
38,14,271,542
38,15,434,868
38,16,688,1376
38,17,1102,2204
38,18,1755,3510
38,19,2857,5714
38,20,4501,9002
38,21,7291,14582
38,22,11646,23292
38,23,18565,37130
38,24,29528,59056
38,25,47347,94694
38,26,75853,151706
38,27,121038,242076
38,28,193531,387062
38,29,309512,619024
38,30,495128,990256
38,31,792521,1585042
38,32,1268175,2536350
38,33,2029527,4059054
38,34,3246353,6492706
38,35,5196710,10393420
38,36,8316314,16632628
38,37,13308818,26617636
38,38,21293634,42587268
38,39,34066688,68133376
38,40,54509212,109018424
38,41,87214882,174429764
38,42,139542767,279085534
38,43,223262703,446525406
38,44,357215992,714431984
38,45,714431984,1000000000
38,46,714431984,1000000000
38,47,714431984,1000000000
38,48,714431984,1000000000
38,49,714431984,1000000000
38,50,714431984,1000000000
38,51,714431984,1000000000
38,52,714431984,1000000000
38,53,714431984,1000000000
38,54,714431984,1000000000
38,55,714431984,1000000000
38,56,714431984,1000000000
38,57,714431984,1000000000
38,58,714431984,1000000000
38,59,714431984,1000000000
38,60,714431984,1000000000
39,1,1,2
39,2,2,4
39,3,4,8
39,4,7,14
39,5,11,22
39,6,21,42
39,7,38,76
39,8,59,118
39,9,90,180
39,10,128,256
39,11,209,418
39,12,341,682
39,13,541,1082
39,14,863,1726
39,15,1382,2764
39,16,2185,4370
39,17,3521,7042
39,18,5708,11416
39,19,9126,18252
39,20,14594,29188
39,21,23412,46824
39,22,37324,74648
39,23,59612,119224
39,24,95511,191022
39,25,152387,304774
39,26,243942,487884
39,27,390347,780694
39,28,624310,1248620
39,29,998963,1997926
39,30,1597596,3195192
39,31,2555815,5111630
39,32,4088880,8177760
39,33,6542389,13084778
39,34,10469068,20938136
39,35,16749822,33499644
39,36,26796155,53592310
39,37,42872775,85745550
39,38,68593001,137186002
39,39,109753793,219507586
39,40,175603326,351206652
39,41,280956795,561913590
39,42,561913590,1000000000
39,43,561913590,1000000000
39,44,561913590,1000000000
39,45,561913590,1000000000
39,46,561913590,1000000000
39,47,561913590,1000000000
39,48,561913590,1000000000
39,49,561913590,1000000000
39,50,561913590,1000000000
39,51,561913590,1000000000
39,52,561913590,1000000000
39,53,561913590,1000000000
39,54,561913590,1000000000
39,55,561913590,1000000000
39,56,561913590,1000000000
39,57,561913590,1000000000
39,58,561913590,1000000000
39,59,561913590,1000000000
39,60,561913590,1000000000
40,1,0,0
40,2,0,0
40,3,0,0
40,4,0,0
40,5,0,0
40,6,0,0
40,7,0,0
40,8,0,0
40,9,0,0
40,10,0,0
40,11,0,0
40,12,0,0
40,13,0,0
40,14,0,0
40,15,0,0
40,16,0,0
40,17,0,0
40,18,0,0
40,19,0,0
40,20,0,0
40,21,0,0
40,22,0,0
40,23,0,0
40,24,0,0
40,25,0,0
40,26,0,0
40,27,0,0
40,28,0,0
40,29,0,0
40,30,0,0
40,31,0,0
40,32,0,0
40,33,0,0
40,34,0,0
40,35,0,0
40,36,0,0
40,37,0,0
40,38,0,0
40,39,0,0
40,40,0,0
40,41,0,0
40,42,0,0
40,43,0,0
40,44,0,0
40,45,0,0
40,46,0,0
40,47,0,0
40,48,0,0
40,49,0,0
40,50,0,0
40,51,0,0
40,52,0,0
40,53,0,0
40,54,0,0
40,55,0,0
40,56,0,0
40,57,0,0
40,58,0,0
40,59,0,0
40,60,0,0
41,1,1,2
41,2,2,4
41,3,3,6
41,4,3,6
41,5,4,8
41,6,7,14
41,7,10,20
41,8,16,32
41,9,28,56
41,10,44,88
41,11,74,148
41,12,121,242
41,13,192,384
41,14,307,614
41,15,505,1010
41,16,825,1650
41,17,1352,2704
41,18,2179,4358
41,19,3495,6990
41,20,5643,11286
41,21,9065,18130
41,22,14461,28922
41,23,23033,46066
41,24,36773,73546
41,25,58732,117464
41,26,93954,187908
41,27,150280,300560
41,28,240783,481566
41,29,385394,770788
41,30,617042,1234084
41,31,986811,1973622
41,32,1578173,3156346
41,33,2524334,5048668
41,34,4039587,8079174
41,35,6462760,12925520
41,36,10339068,20678136
41,37,16544761,33089522
41,38,26472901,52945802
41,39,42353064,84706128
41,40,67764558,135529116
41,41,108419262,216838524
41,42,173466078,346932156
41,43,277555318,555110636
41,44,555110636,1000000000
41,45,555110636,1000000000
41,46,555110636,1000000000
41,47,555110636,1000000000
41,48,555110636,1000000000
41,49,555110636,1000000000
41,50,555110636,1000000000
41,51,555110636,1000000000
41,52,555110636,1000000000
41,53,555110636,1000000000
41,54,555110636,1000000000
41,55,555110636,1000000000
41,56,555110636,1000000000
41,57,555110636,1000000000
41,58,555110636,1000000000
41,59,555110636,1000000000
41,60,555110636,1000000000
42,1,1,2
42,2,2,4
42,3,3,6
42,4,4,8
42,5,6,12
42,6,10,20
42,7,17,34
42,8,29,58
42,9,47,94
42,10,74,148
42,11,117,234
42,12,187,374
42,13,291,582
42,14,447,894
42,15,722,1444
42,16,1200,2400
42,17,1900,3800
42,18,3058,6116
42,19,4892,9784
42,20,7832,15664
42,21,12564,25128
42,22,20071,40142
42,23,32020,64040
42,24,51163,102326
42,25,81662,163324
42,26,130692,261384
42,27,208961,417922
42,28,333999,667998
42,29,534554,1069108
42,30,855047,1710094
42,31,1368228,2736456
42,32,2188335,4376670
42,33,3501283,7002566
42,34,5604883,11209766
42,35,8969594,17939188
42,36,14349921,28699842
42,37,22958075,45916150
42,38,36737888,73475776
42,39,58783615,117567230
42,40,94052213,188104426
42,41,150471675,300943350
42,42,240755701,481511402
42,43,385200350,770400700
42,44,770400700,1000000000
42,45,770400700,1000000000
42,46,770400700,1000000000
42,47,770400700,1000000000
42,48,770400700,1000000000
42,49,770400700,1000000000
42,50,770400700,1000000000
42,51,770400700,1000000000
42,52,770400700,1000000000
42,53,770400700,1000000000
42,54,770400700,1000000000
42,55,770400700,1000000000
42,56,770400700,1000000000
42,57,770400700,1000000000
42,58,770400700,1000000000
42,59,770400700,1000000000
42,60,770400700,1000000000
43,1,1,2
43,2,2,4
43,3,4,8
43,4,5,10
43,5,7,14
43,6,6,12
43,7,11,22
43,8,17,34
43,9,25,50
43,10,35,70
43,11,51,102
43,12,86,172
43,13,143,286
43,14,230,460
43,15,367,734
43,16,590,1180
43,17,945,1890
43,18,1500,3000
43,19,2404,4808
43,20,3879,7758
43,21,6217,12434
43,22,10012,20024
43,23,15995,31990
43,24,25533,51066
43,25,40937,81874
43,26,65450,130900
43,27,104890,209780
43,28,167920,335840
43,29,268560,537120
43,30,429598,859196
43,31,687211,1374422
43,32,1099013,2198026
43,33,1758296,3516592
43,34,2813769,5627538
43,35,4502161,9004322
43,36,7202247,14404494
43,37,11523652,23047304
43,38,18435590,36871180
43,39,29499062,58998124
43,40,47201893,94403786
43,41,75529060,151058120
43,42,120849439,241698878
43,43,193365563,386731126
43,44,309383452,618766904
43,45,618766904,1000000000
43,46,618766904,1000000000
43,47,618766904,1000000000
43,48,618766904,1000000000
43,49,618766904,1000000000
43,50,618766904,1000000000
43,51,618766904,1000000000
43,52,618766904,1000000000
43,53,618766904,1000000000
43,54,618766904,1000000000
43,55,618766904,1000000000
43,56,618766904,1000000000
43,57,618766904,1000000000
43,58,618766904,1000000000
43,59,618766904,1000000000
43,60,618766904,1000000000
44,1,1,2
44,2,2,4
44,3,3,6
44,4,6,12
44,5,10,20
44,6,16,32
44,7,29,58
44,8,45,90
44,9,71,142
44,10,119,238
44,11,185,370
44,12,292,584
44,13,478,956
44,14,753,1506
44,15,1187,2374
44,16,1883,3766
44,17,3036,6072
44,18,4863,9726
44,19,7804,15608
44,20,12536,25072
44,21,20136,40272
44,22,32159,64318
44,23,51354,102708
44,24,82092,164184
44,25,131212,262424
44,26,209603,419206
44,27,335484,670968
44,28,536932,1073864
44,29,859330,1718660
44,30,1375810,2751620
44,31,2200698,4401396
44,32,3520536,7041072
44,33,5631665,11263330
44,34,9012856,18025712
44,35,14419085,28838170
44,36,23074221,46148442
44,37,36920381,73840762
44,38,59071731,118143462
44,39,94515667,189031334
44,40,151223829,302447658
44,41,241954849,483909698
44,42,387124666,774249332
44,43,774249332,1000000000
44,44,774249332,1000000000
44,45,774249332,1000000000
44,46,774249332,1000000000
44,47,774249332,1000000000
44,48,774249332,1000000000
44,49,774249332,1000000000
44,50,774249332,1000000000
44,51,774249332,1000000000
44,52,774249332,1000000000
44,53,774249332,1000000000
44,54,774249332,1000000000
44,55,774249332,1000000000
44,56,774249332,1000000000
44,57,774249332,1000000000
44,58,774249332,1000000000
44,59,774249332,1000000000
44,60,774249332,1000000000
45,1,1,2
45,2,2,4
45,3,3,6
45,4,4,8
45,5,6,12
45,6,10,20
45,7,15,30
45,8,27,54
45,9,43,86
45,10,66,132
45,11,109,218
45,12,176,352
45,13,277,554
45,14,438,876
45,15,692,1384
45,16,1096,2192
45,17,1742,3484
45,18,2795,5590
45,19,4445,8890
45,20,7134,14268
45,21,11496,22992
45,22,18279,36558
45,23,29359,58718
45,24,47105,94210
45,25,75516,151032
45,26,120878,241756
45,27,193554,387108
45,28,309557,619114
45,29,495530,991060
45,30,792947,1585894
45,31,1268163,2536326
45,32,2029147,4058294
45,33,3245913,6491826
45,34,5193218,10386436
45,35,8309351,16618702
45,36,13296879,26593758
45,37,21273234,42546468
45,38,34038809,68077618
45,39,54458368,108916736
45,40,87125798,174251596
45,41,139397733,278795466
45,42,223025078,446050156
45,43,356845257,713690514
45,44,713690514,1000000000
45,45,713690514,1000000000
45,46,713690514,1000000000
45,47,713690514,1000000000
45,48,713690514,1000000000
45,49,713690514,1000000000
45,50,713690514,1000000000
45,51,713690514,1000000000
45,52,713690514,1000000000
45,53,713690514,1000000000
45,54,713690514,1000000000
45,55,713690514,1000000000
45,56,713690514,1000000000
45,57,713690514,1000000000
45,58,713690514,1000000000
45,59,713690514,1000000000
45,60,713690514,1000000000
46,1,1,2
46,2,2,4
46,3,2,4
46,4,4,8
46,5,7,14
46,6,12,24
46,7,18,36
46,8,26,52
46,9,39,78
46,10,63,126
46,11,106,212
46,12,166,332
46,13,269,538
46,14,436,872
46,15,690,1380
46,16,1105,2210
46,17,1748,3496
46,18,2785,5570
46,19,4398,8796
46,20,7012,14024
46,21,11201,22402
46,22,17931,35862
46,23,28661,57322
46,24,45889,91778
46,25,73456,146912
46,26,117554,235108
46,27,188018,376036
46,28,301103,602206
46,29,481825,963650
46,30,771575,1543150
46,31,1234933,2469866
46,32,1976048,3952096
46,33,3161928,6323856
46,34,5058319,10116638
46,35,8092304,16184608
46,36,12948207,25896414
46,37,20719553,41439106
46,38,33154767,66309534
46,39,53051785,106103570
46,40,84882417,169764834
46,41,135817345,271634690
46,42,217306613,434613226
46,43,347689168,695378336
46,44,695378336,1000000000
46,45,695378336,1000000000
46,46,695378336,1000000000
46,47,695378336,1000000000
46,48,695378336,1000000000
46,49,695378336,1000000000
46,50,695378336,1000000000
46,51,695378336,1000000000
46,52,695378336,1000000000
46,53,695378336,1000000000
46,54,695378336,1000000000
46,55,695378336,1000000000
46,56,695378336,1000000000
46,57,695378336,1000000000
46,58,695378336,1000000000
46,59,695378336,1000000000
46,60,695378336,1000000000
47,1,0,0
47,2,0,0
47,3,0,0
47,4,0,0
47,5,0,0
47,6,0,0
47,7,0,0
47,8,0,0
47,9,0,0
47,10,0,0
47,11,0,0
47,12,0,0
47,13,0,0
47,14,0,0
47,15,0,0
47,16,0,0
47,17,0,0
47,18,0,0
47,19,0,0
47,20,0,0
47,21,0,0
47,22,0,0
47,23,0,0
47,24,0,0
47,25,0,0
47,26,0,0
47,27,0,0
47,28,0,0
47,29,0,0
47,30,0,0
47,31,0,0
47,32,0,0
47,33,0,0
47,34,0,0
47,35,0,0
47,36,0,0
47,37,0,0
47,38,0,0
47,39,0,0
47,40,0,0
47,41,0,0
47,42,0,0
47,43,0,0
47,44,0,0
47,45,0,0
47,46,0,0
47,47,0,0
47,48,0,0
47,49,0,0
47,50,0,0
47,51,0,0
47,52,0,0
47,53,0,0
47,54,0,0
47,55,0,0
47,56,0,0
47,57,0,0
47,58,0,0
47,59,0,0
47,60,0,0
48,1,0,0
48,2,0,0
48,3,0,0
48,4,0,0
48,5,0,0
48,6,0,0
48,7,0,0
48,8,0,0
48,9,0,0
48,10,0,0
48,11,0,0
48,12,0,0
48,13,0,0
48,14,0,0
48,15,0,0
48,16,0,0
48,17,0,0
48,18,0,0
48,19,0,0
48,20,0,0
48,21,0,0
48,22,0,0
48,23,0,0
48,24,0,0
48,25,0,0
48,26,0,0
48,27,0,0
48,28,0,0
48,29,0,0
48,30,0,0
48,31,0,0
48,32,0,0
48,33,0,0
48,34,0,0
48,35,0,0
48,36,0,0
48,37,0,0
48,38,0,0
48,39,0,0
48,40,0,0
48,41,0,0
48,42,0,0
48,43,0,0
48,44,0,0
48,45,0,0
48,46,0,0
48,47,0,0
48,48,0,0
48,49,0,0
48,50,0,0
48,51,0,0
48,52,0,0
48,53,0,0
48,54,0,0
48,55,0,0
48,56,0,0
48,57,0,0
48,58,0,0
48,59,0,0
48,60,0,0
49,1,1,2
49,2,2,4
49,3,2,4
49,4,4,8
49,5,8,16
49,6,13,26
49,7,20,40
49,8,32,64
49,9,46,92
49,10,76,152
49,11,118,236
49,12,184,368
49,13,304,608
49,14,475,950
49,15,758,1516
49,16,1221,2442
49,17,1952,3904
49,18,3127,6254
49,19,5006,10012
49,20,8010,16020
49,21,12726,25452
49,22,20298,40596
49,23,32613,65226
49,24,51987,103974
49,25,83332,166664
49,26,133326,266652
49,27,213142,426284
49,28,340723,681446
49,29,544603,1089206
49,30,870516,1741032
49,31,1392722,2785444
49,32,2227125,4454250
49,33,3563604,7127208
49,34,5703246,11406492
49,35,9124455,18248910
49,36,14599147,29198294
49,37,23357943,46715886
49,38,37374825,74749650
49,39,59802533,119605066
49,40,95684495,191368990
49,41,153094305,306188610
49,42,244962182,489924364
49,43,391929895,783859790
49,44,783859790,1000000000
49,45,783859790,1000000000
49,46,783859790,1000000000
49,47,783859790,1000000000
49,48,783859790,1000000000
49,49,783859790,1000000000
49,50,783859790,1000000000
49,51,783859790,1000000000
49,52,783859790,1000000000
49,53,783859790,1000000000
49,54,783859790,1000000000
49,55,783859790,1000000000
49,56,783859790,1000000000
49,57,783859790,1000000000
49,58,783859790,1000000000
49,59,783859790,1000000000
49,60,783859790,1000000000
50,1,1,2
50,2,2,4
50,3,4,8
50,4,6,12
50,5,12,24
50,6,20,40
50,7,34,68
50,8,56,112
50,9,88,176
50,10,145,290
50,11,226,452
50,12,372,744
50,13,601,1202
50,14,930,1860
50,15,1515,3030
50,16,2425,4850
50,17,3883,7766
50,18,6176,12352
50,19,9835,19670
50,20,15798,31596
50,21,25185,50370
50,22,40344,80688
50,23,64462,128924
50,24,103309,206618
50,25,165101,330202
50,26,263996,527992
50,27,422442,844884
50,28,675397,1350794
50,29,1081218,2162436
50,30,1729788,3459576
50,31,2767518,5535036
50,32,4427780,8855560
50,33,7082890,14165780
50,34,11333427,22666854
50,35,18135111,36270222
50,36,29019214,58038428
50,37,46426327,92852654
50,38,74278670,148557340
50,39,118849212,237698424
50,40,190163633,380327266
50,41,304257830,608515660
50,42,608515660,1000000000
50,43,608515660,1000000000
50,44,608515660,1000000000
50,45,608515660,1000000000
50,46,608515660,1000000000
50,47,608515660,1000000000
50,48,608515660,1000000000
50,49,608515660,1000000000
50,50,608515660,1000000000
50,51,608515660,1000000000
50,52,608515660,1000000000
50,53,608515660,1000000000
50,54,608515660,1000000000
50,55,608515660,1000000000
50,56,608515660,1000000000
50,57,608515660,1000000000
50,58,608515660,1000000000
50,59,608515660,1000000000
50,60,608515660,1000000000
51,1,1,2
51,2,2,4
51,3,4,8
51,4,3,6
51,5,6,12
51,6,12,24
51,7,17,34
51,8,27,54
51,9,48,96
51,10,69,138
51,11,115,230
51,12,176,352
51,13,274,548
51,14,454,908
51,15,724,1448
51,16,1128,2256
51,17,1806,3612
51,18,2859,5718
51,19,4620,9240
51,20,7382,14764
51,21,11800,23600
51,22,18767,37534
51,23,30117,60234
51,24,48232,96464
51,25,77222,154444
51,26,123465,246930
51,27,197686,395372
51,28,316239,632478
51,29,505890,1011780
51,30,809665,1619330
51,31,1295525,2591050
51,32,2072328,4144656
51,33,3315245,6630490
51,34,5302420,10604840
51,35,8484763,16969526
51,36,13576869,27153738
51,37,21723930,43447860
51,38,34754522,69509044
51,39,55599703,111199406
51,40,88963002,177926004
51,41,142342735,284685470
51,42,227734272,455468544
51,43,364368674,728737348
51,44,728737348,1000000000
51,45,728737348,1000000000
51,46,728737348,1000000000
51,47,728737348,1000000000
51,48,728737348,1000000000
51,49,728737348,1000000000
51,50,728737348,1000000000
51,51,728737348,1000000000
51,52,728737348,1000000000
51,53,728737348,1000000000
51,54,728737348,1000000000
51,55,728737348,1000000000
51,56,728737348,1000000000
51,57,728737348,1000000000
51,58,728737348,1000000000
51,59,728737348,1000000000
51,60,728737348,1000000000
52,1,1,2
52,2,1,2
52,3,2,4
52,4,2,4
52,5,2,4
52,6,3,6
52,7,3,6
52,8,6,12
52,9,9,18
52,10,15,30
52,11,20,40
52,12,35,70
52,13,56,112
52,14,87,174
52,15,139,278
52,16,232,464
52,17,363,726
52,18,596,1192
52,19,939,1878
52,20,1501,3002
52,21,2361,4722
52,22,3782,7564
52,23,6020,12040
52,24,9604,19208
52,25,15365,30730
52,26,24599,49198
52,27,39138,78276
52,28,62646,125292
52,29,100438,200876
52,30,160629,321258
52,31,256815,513630
52,32,410911,821822
52,33,657479,1314958
52,34,1052792,2105584
52,35,1684694,3369388
52,36,2695564,5391128
52,37,4313804,8627608
52,38,6902002,13804004
52,39,11042751,22085502
52,40,17669072,35338144
52,41,28272424,56544848
52,42,45237710,90475420
52,43,72384901,144769802
52,44,115814678,231629356
52,45,185298826,370597652
52,46,296473864,592947728
52,47,592947728,1000000000
52,48,592947728,1000000000
52,49,592947728,1000000000
52,50,592947728,1000000000
52,51,592947728,1000000000
52,52,592947728,1000000000
52,53,592947728,1000000000
52,54,592947728,1000000000
52,55,592947728,1000000000
52,56,592947728,1000000000
52,57,592947728,1000000000
52,58,592947728,1000000000
52,59,592947728,1000000000
52,60,592947728,1000000000
53,1,1,2
53,2,2,4
53,3,3,6
53,4,5,10
53,5,6,12
53,6,10,20
53,7,14,28
53,8,21,42
53,9,31,62
53,10,45,90
53,11,71,142
53,12,118,236
53,13,200,400
53,14,320,640
53,15,523,1046
53,16,864,1728
53,17,1387,2774
53,18,2205,4410
53,19,3558,7116
53,20,5652,11304
53,21,9032,18064
53,22,14509,29018
53,23,23253,46506
53,24,37200,74400
53,25,59461,118922
53,26,94866,189732
53,27,151963,303926
53,28,243103,486206
53,29,388501,777002
53,30,622003,1244006
53,31,995911,1991822
53,32,1592869,3185738
53,33,2548967,5097934
53,34,4078265,8156530
53,35,6523481,13046962
53,36,10438910,20877820
53,37,16704473,33408946
53,38,26729054,53458108
53,39,42766935,85533870
53,40,68416842,136833684
53,41,109471924,218943848
53,42,175167474,350334948
53,43,280258924,560517848
53,44,560517848,1000000000
53,45,560517848,1000000000
53,46,560517848,1000000000
53,47,560517848,1000000000
53,48,560517848,1000000000
53,49,560517848,1000000000
53,50,560517848,1000000000
53,51,560517848,1000000000
53,52,560517848,1000000000
53,53,560517848,1000000000
53,54,560517848,1000000000
53,55,560517848,1000000000
53,56,560517848,1000000000
53,57,560517848,1000000000
53,58,560517848,1000000000
53,59,560517848,1000000000
53,60,560517848,1000000000
54,1,1,2
54,2,2,4
54,3,4,8
54,4,5,10
54,5,9,18
54,6,11,22
54,7,18,36
54,8,25,50
54,9,43,86
54,10,65,130
54,11,101,202
54,12,166,332
54,13,273,546
54,14,411,822
54,15,647,1294
54,16,1068,2136
54,17,1695,3390
54,18,2690,5380
54,19,4316,8632
54,20,6971,13942
54,21,11136,22272
54,22,17743,35486
54,23,28522,57044
54,24,45621,91242
54,25,72951,145902
54,26,116905,233810
54,27,187274,374548
54,28,299354,598708
54,29,479022,958044
54,30,766126,1532252
54,31,1225846,2451692
54,32,1962263,3924526
54,33,3139847,6279694
54,34,5023736,10047472
54,35,8038439,16076878
54,36,12863864,25727728
54,37,20582705,41165410
54,38,32930846,65861692
54,39,52689182,105378364
54,40,84306333,168612666
54,41,134893819,269787638
54,42,215834112,431668224
54,43,345334472,690668944
54,44,690668944,1000000000
54,45,690668944,1000000000
54,46,690668944,1000000000
54,47,690668944,1000000000
54,48,690668944,1000000000
54,49,690668944,1000000000
54,50,690668944,1000000000
54,51,690668944,1000000000
54,52,690668944,1000000000
54,53,690668944,1000000000
54,54,690668944,1000000000
54,55,690668944,1000000000
54,56,690668944,1000000000
54,57,690668944,1000000000
54,58,690668944,1000000000
54,59,690668944,1000000000
54,60,690668944,1000000000
55,1,1,2
55,2,2,4
55,3,3,6
55,4,4,8
55,5,8,16
55,6,13,26
55,7,20,40
55,8,31,62
55,9,45,90
55,10,67,134
55,11,110,220
55,12,177,354
55,13,292,584
55,14,464,928
55,15,735,1470
55,16,1197,2394
55,17,1882,3764
55,18,3026,6052
55,19,4874,9748
55,20,7839,15678
55,21,12500,25000
55,22,20037,40074
55,23,31971,63942
55,24,51227,102454
55,25,82141,164282
55,26,131588,263176
55,27,210733,421466
55,28,337162,674324
55,29,539734,1079468
55,30,863949,1727898
55,31,1382395,2764790
55,32,2212234,4424468
55,33,3539217,7078434
55,34,5660302,11320604
55,35,9056518,18113036
55,36,14490670,28981340
55,37,23182204,46364408
55,38,37087363,74174726
55,39,59340414,118680828
55,40,94942781,189885562
55,41,151920088,303840176
55,42,243079223,486158446
55,43,388923501,777847002
55,44,777847002,1000000000
55,45,777847002,1000000000
55,46,777847002,1000000000
55,47,777847002,1000000000
55,48,777847002,1000000000
55,49,777847002,1000000000
55,50,777847002,1000000000
55,51,777847002,1000000000
55,52,777847002,1000000000
55,53,777847002,1000000000
55,54,777847002,1000000000
55,55,777847002,1000000000
55,56,777847002,1000000000
55,57,777847002,1000000000
55,58,777847002,1000000000
55,59,777847002,1000000000
55,60,777847002,1000000000
56,1,1,2
56,2,1,2
56,3,2,4
56,4,3,6
56,5,5,10
56,6,9,18
56,7,16,32
56,8,20,40
56,9,29,58
56,10,51,102
56,11,82,164
56,12,123,246
56,13,198,396
56,14,320,640
56,15,521,1042
56,16,812,1624
56,17,1294,2588
56,18,2106,4212
56,19,3423,6846
56,20,5428,10856
56,21,8726,17452
56,22,13986,27972
56,23,22290,44580
56,24,35615,71230
56,25,57032,114064
56,26,91238,182476
56,27,145889,291778
56,28,233514,467028
56,29,373744,747488
56,30,598598,1197196
56,31,957957,1915914
56,32,1531992,3063984
56,33,2451553,4903106
56,34,3922291,7844582
56,35,6276023,12552046
56,36,10043664,20087328
56,37,16068892,32137784
56,38,25705463,51410926
56,39,41132177,82264354
56,40,65808958,131617916
56,41,105300392,210600784
56,42,168484361,336968722
56,43,269579663,539159326
56,44,539159326,1000000000
56,45,539159326,1000000000
56,46,539159326,1000000000
56,47,539159326,1000000000
56,48,539159326,1000000000
56,49,539159326,1000000000
56,50,539159326,1000000000
56,51,539159326,1000000000
56,52,539159326,1000000000
56,53,539159326,1000000000
56,54,539159326,1000000000
56,55,539159326,1000000000
56,56,539159326,1000000000
56,57,539159326,1000000000
56,58,539159326,1000000000
56,59,539159326,1000000000
56,60,539159326,1000000000
57,1,1,2
57,2,2,4
57,3,4,8
57,4,5,10
57,5,9,18
57,6,15,30
57,7,24,48
57,8,39,78
57,9,64,128
57,10,99,198
57,11,163,326
57,12,256,512
57,13,399,798
57,14,652,1304
57,15,1049,2098
57,16,1674,3348
57,17,2669,5338
57,18,4244,8488
57,19,6857,13714
57,20,10983,21966
57,21,17526,35052
57,22,27946,55892
57,23,44715,89430
57,24,71709,143418
57,25,114731,229462
57,26,183905,367810
57,27,294284,588568
57,28,471109,942218
57,29,752499,1504998
57,30,1204686,2409372
57,31,1927272,3854544
57,32,3084230,6168460
57,33,4934811,9869622
57,34,7896906,15793812
57,35,12633445,25266890
57,36,20215005,40430010
57,37,32341628,64683256
57,38,51746525,103493050
57,39,82798275,165596550
57,40,132476396,264952792
57,41,211961614,423923228
57,42,339140621,678281242
57,43,678281242,1000000000
57,44,678281242,1000000000
57,45,678281242,1000000000
57,46,678281242,1000000000
57,47,678281242,1000000000
57,48,678281242,1000000000
57,49,678281242,1000000000
57,50,678281242,1000000000
57,51,678281242,1000000000
57,52,678281242,1000000000
57,53,678281242,1000000000
57,54,678281242,1000000000
57,55,678281242,1000000000
57,56,678281242,1000000000
57,57,678281242,1000000000
57,58,678281242,1000000000
57,59,678281242,1000000000
57,60,678281242,1000000000
58,1,1,2
58,2,1,2
58,3,1,2
58,4,2,4
58,5,4,8
58,6,6,12
58,7,9,18
58,8,17,34
58,9,29,58
58,10,51,102
58,11,80,160
58,12,131,262
58,13,207,414
58,14,325,650
58,15,532,1064
58,16,861,1722
58,17,1367,2734
58,18,2191,4382
58,19,3521,7042
58,20,5595,11190
58,21,9035,18070
58,22,14504,29008
58,23,23190,46380
58,24,37061,74122
58,25,59499,118998
58,26,95306,190612
58,27,152296,304592
58,28,243955,487910
58,29,390727,781454
58,30,625623,1251246
58,31,1001312,2002624
58,32,1602464,3204928
58,33,2565049,5130098
58,34,4102921,8205842
58,35,6565011,13130022
58,36,10503549,21007098
58,37,16806511,33613022
58,38,26893196,53786392
58,39,43027023,86054046
58,40,68843725,137687450
58,41,110146778,220293556
58,42,176232422,352464844
58,43,281968898,563937796
58,44,563937796,1000000000
58,45,563937796,1000000000
58,46,563937796,1000000000
58,47,563937796,1000000000
58,48,563937796,1000000000
58,49,563937796,1000000000
58,50,563937796,1000000000
58,51,563937796,1000000000
58,52,563937796,1000000000
58,53,563937796,1000000000
58,54,563937796,1000000000
58,55,563937796,1000000000
58,56,563937796,1000000000
58,57,563937796,1000000000
58,58,563937796,1000000000
58,59,563937796,1000000000
58,60,563937796,1000000000
59,1,1,2
59,2,2,4
59,3,3,6
59,4,5,10
59,5,8,16
59,6,9,18
59,7,12,24
59,8,19,38
59,9,30,60
59,10,50,100
59,11,79,158
59,12,129,258
59,13,208,416
59,14,337,674
59,15,550,1100
59,16,887,1774
59,17,1383,2766
59,18,2234,4468
59,19,3622,7244
59,20,5792,11584
59,21,9228,18456
59,22,14802,29604
59,23,23673,47346
59,24,37791,75582
59,25,60390,120780
59,26,96648,193296
59,27,154496,308992
59,28,247286,494572
59,29,395786,791572
59,30,633289,1266578
59,31,1013095,2026190
59,32,1621287,3242574
59,33,2594864,5189728
59,34,4151995,8303990
59,35,6642436,13284872
59,36,10626506,21253012
59,37,17003673,34007346
59,38,27204136,54408272
59,39,43527460,87054920
59,40,69653724,139307448
59,41,111446358,222892716
59,42,178307099,356614198
59,43,285292283,570584566
59,44,570584566,1000000000
59,45,570584566,1000000000
59,46,570584566,1000000000
59,47,570584566,1000000000
59,48,570584566,1000000000
59,49,570584566,1000000000
59,50,570584566,1000000000
59,51,570584566,1000000000
59,52,570584566,1000000000
59,53,570584566,1000000000
59,54,570584566,1000000000
59,55,570584566,1000000000
59,56,570584566,1000000000
59,57,570584566,1000000000
59,58,570584566,1000000000
59,59,570584566,1000000000
59,60,570584566,1000000000
60,1,0,0
60,2,0,0
60,3,0,0
60,4,0,0
60,5,0,0
60,6,0,0
60,7,0,0
60,8,0,0
60,9,0,0
60,10,0,0
60,11,0,0
60,12,0,0
60,13,0,0
60,14,0,0
60,15,0,0
60,16,0,0
60,17,0,0
60,18,0,0
60,19,0,0
60,20,0,0
60,21,0,0
60,22,0,0
60,23,0,0
60,24,0,0
60,25,0,0
60,26,0,0
60,27,0,0
60,28,0,0
60,29,0,0
60,30,0,0
60,31,0,0
60,32,0,0
60,33,0,0
60,34,0,0
60,35,0,0
60,36,0,0
60,37,0,0
60,38,0,0
60,39,0,0
60,40,0,0
60,41,0,0
60,42,0,0
60,43,0,0
60,44,0,0
60,45,0,0
60,46,0,0
60,47,0,0
60,48,0,0
60,49,0,0
60,50,0,0
60,51,0,0
60,52,0,0
60,53,0,0
60,54,0,0
60,55,0,0
60,56,0,0
60,57,0,0
60,58,0,0
60,59,0,0
60,60,0,0
